name,distance
0,IMG_0001.JPG
90.4836745838926,IMG_0048.JPG
45.15772730282033,IMG_0028.JPG
46.96429569620737,IMG_0029.JPG
